{
  "background_img_list": [
    {
      "id": "dc100000021",
      "title": "",
      "file_name": "dc100000021.png",
      "file_size": "1.2 MB ",
      "upload_date": "2018/4/10",
      "free": true
    },
    {
      "id": "dc100000022",
      "title": "",
      "file_name": "dc100000022.png",
      "file_size": "693 KB",
      "upload_date": "2018/4/10",
      "free": true
    },
    {
      "id": "dc100000023",
      "title": "",
      "file_name": "dc100000023.png",
      "file_size": "693 KB",
      "upload_date": "2018/4/10",
      "free": true
    },
    {
      "id": "dc100000024",
      "title": "",
      "file_name": "dc100000024.png",
      "file_size": "693 KB",
      "upload_date": "2018/4/10",
      "free": true
    },
    {
      "id": "dc100000025",
      "title": "",
      "file_name": "dc100000025.png",
      "file_size": "693 KB",
      "upload_date": "2018/4/10",
      "free": true
    },
    {
      "id": "dc100000026",
      "title": "",
      "file_name": "dc100000026.png",
      "file_size": "693 KB",
      "upload_date": "2018/4/10",
      "free": true
    },
    {
      "id": "dc100000027",
      "title": "",
      "file_name": "dc100000027.png",
      "file_size": "693 KB",
      "upload_date": "2018/4/10",
      "free": true
    },
    {
      "id": "dc100000028",
      "title": "",
      "file_name": "dc100000028.png",
      "file_size": "693 KB",
      "upload_date": "2018/4/10",
      "free": true
    },
    {
      "id": "dc100000029",
      "title": "",
      "file_name": "dc100000029.png",
      "file_size": "693 KB",
      "upload_date": "2018/4/10",
      "free": true
    },
    {
      "id": "dc100000030",
      "title": "",
      "file_name": "dc100000030.png",
      "file_size": "693 KB",
      "upload_date": "2018/4/10",
      "free": true
    },
    {
      "id": "dc100000031",
      "title": "",
      "file_name": "dc100000031.png",
      "file_size": "693 KB",
      "upload_date": "2018/4/10",
      "free": true
    },
    {
      "id": "dc100000032",
      "title": "",
      "file_name": "dc100000032.png",
      "file_size": "693 KB",
      "upload_date": "2018/4/10",
      "free": true
    }
  ]
}