{
  "background_img_list": [
    {
      "id": "dc100000011",
      "title": "",
      "file_name": "dc100000011.png",
      "file_size": "165 KB",
      "upload_date": "2018/4/24",
      "free": true
    },
    {
      "id": "dc100000012",
      "title": "",
      "file_name": "dc100000012.png",
      "file_size": "127 KB",
      "upload_date": "2018/4/24",
      "free": true
    },
    {
      "id": "dc100000013",
      "title": "",
      "file_name": "dc100000013.png",
      "file_size": "93 KB",
      "upload_date": "2018/4/24",
      "free": true
    },
    {
      "id": "dc100000014",
      "title": "",
      "file_name": "dc100000014.png",
      "file_size": "262 KB",
      "upload_date": "2018/4/24",
      "free": true
    },
    {
      "id": "dc100000015",
      "title": "",
      "file_name": "dc100000015.png",
      "file_size": "153 KB",
      "upload_date": "2018/4/24",
      "free": true
    }
  ]
}