{
  "background_img_list": [
    {
      "id": "dc100000011",
      "title": "",
      "file_name": "dc100000011.png",
      "file_size": "358 KB",
      "upload_date": "2018/4/10",
      "free": true
    },
    {
      "id": "dc100000012",
      "title": "",
      "file_name": "dc100000012.png",
      "file_size": "445 KB",
      "upload_date": "2018/4/10",
      "free": true
    },
    {
      "id": "dc100000013",
      "title": "",
      "file_name": "dc100000013.png",
      "file_size": "350 KB",
      "upload_date": "2018/4/10",
      "free": true
    },
    {
      "id": "dc100000014",
      "title": "",
      "file_name": "dc100000014.png",
      "file_size": "272 KB",
      "upload_date": "2018/4/10",
      "free": true
    },
    {
      "id": "dc100000015",
      "title": "",
      "file_name": "dc100000015.png",
      "file_size": "971 KB",
      "upload_date": "2018/4/10",
      "free": true
    }
  ]
}