{
  "background_img_list": [
    {
      "id": "dc100000001",
      "title": "",
      "file_name": "dc100000001.png",
      "file_size": "167 KB",
      "upload_date": "2018/4/10",
      "free": true
    },
    {
      "id": "dc100000002",
      "title": "",
      "file_name": "dc100000002.png",
      "file_size": "434 KB",
      "upload_date": "2018/4/10",
      "free": true
    },
    {
      "id": "dc100000003",
      "title": "",
      "file_name": "dc100000003.png",
      "file_size": "280 KB",
      "upload_date": "2018/4/10",
      "free": true
    },
    {
      "id": "dc100000004",
      "title": "",
      "file_name": "dc100000004.png",
      "file_size": "395 KB",
      "upload_date": "2018/4/10",
      "free": true
    },
    {
      "id": "dc100000005",
      "title": "",
      "file_name": "dc100000005.png",
      "file_size": "372 KB",
      "upload_date": "2018/4/10",
      "free": true
    }
  ]
}