{
	"background_img_list": [{
			"id": "dc100000001",
			"title": "",
			"file_name": "dc100000001.png",
			"file_size": "112 KB",
			"upload_date": "2018/4/10",
			"free": true
		},
		{
			"id": "dc100000002",
			"title": "",
			"file_name": "dc100000002.png",
			"file_size": "301 KB",
			"upload_date": "2018/4/10",
			"free": true
		},
		{
			"id": "dc100000003",
			"title": "",
			"file_name": "dc100000003.png",
			"file_size": "300 KB",
			"upload_date": "2018/4/10",
			"free": true
		},
		{
			"id": "dc100000004",
			"title": "",
			"file_name": "dc100000004.png",
			"file_size": "428 KB",
			"upload_date": "2018/4/10",
			"free": true
		},
		{
			"id": "dc100000005",
			"title": "",
			"file_name": "dc100000005.png",
			"file_size": "344 KB",
			"upload_date": "2018/4/10",
			"free": true
		},
		{
			"id": "dc100000006",
			"title": "",
			"file_name": "dc100000006.png",
			"file_size": "167 KB",
			"upload_date": "2018/4/10",
			"free": true
		},
		{
			"id": "dc100000007",
			"title": "",
			"file_name": "dc100000007.png",
			"file_size": "434 KB",
			"upload_date": "2018/4/10",
			"free": true
		},
		{
			"id": "dc100000008",
			"title": "",
			"file_name": "dc100000008.png",
			"file_size": "280 KB",
			"upload_date": "2018/4/10",
			"free": true
		},
		{
			"id": "dc100000009",
			"title": "",
			"file_name": "dc100000009.png",
			"file_size": "395 KB",
			"upload_date": "2018/4/10",
			"free": true
		},
		{
			"id": "dc100000010",
			"title": "",
			"file_name": "dc100000010.png",
			"file_size": "372 KB",
			"upload_date": "2018/4/10",
			"free": true
		},
		{
			"id": "dc100000011",
			"title": "",
			"file_name": "dc100000011.png",
			"file_size": "358 KB",
			"upload_date": "2018/4/10",
			"free": true
		},
		{
			"id": "dc100000012",
			"title": "",
			"file_name": "dc100000012.png",
			"file_size": "445 KB",
			"upload_date": "2018/4/10",
			"free": true
		},
		{
			"id": "dc100000013",
			"title": "",
			"file_name": "dc100000013.png",
			"file_size": "350 KB",
			"upload_date": "2018/4/10",
			"free": true
		},
		{
			"id": "dc100000014",
			"title": "",
			"file_name": "dc100000014.png",
			"file_size": "272 KB",
			"upload_date": "2018/4/10",
			"free": true
		},
		{
			"id": "dc100000015",
			"title": "",
			"file_name": "dc100000015.png",
			"file_size": "971 KB",
			"upload_date": "2018/4/10",
			"free": true
		},
		{
			"id": "dc100000016",
			"title": "",
			"file_name": "dc100000016.png",
			"file_size": "583 KB",
			"upload_date": "2018/4/10",
			"free": true
		},
		{
			"id": "dc100000017",
			"title": "",
			"file_name": "dc100000017.png",
			"file_size": "71 KB",
			"upload_date": "2018/4/10",
			"free": true
		},
		{
			"id": "dc100000018",
			"title": "",
			"file_name": "dc100000018.png",
			"file_size": "353 KB",
			"upload_date": "2018/4/10",
			"free": true
		},
		{
			"id": "dc100000019",
			"title": "",
			"file_name": "dc100000019.png",
			"file_size": "88 KB",
			"upload_date": "2018/4/10",
			"free": true
		},
		{
			"id": "dc100000020",
			"title": "",
			"file_name": "dc100000020.png",
			"file_size": "373 KB",
			"upload_date": "2018/4/10",
			"free": true
		}
	]
}