{
	"background_img_list": [{
			"id": "dc100000001",
			"title": "",
			"file_name": "dc100000001.png",
			"file_size": "1.2 MB ",
			"upload_date": "2018/4/10",
			"free": true
		},
		{
			"id": "dc100000002",
			"title": "",
			"file_name": "dc100000002.png",
			"file_size": "693 KB",
			"upload_date": "2018/4/10",
			"free": true
		},
		{
			"id": "dc100000003",
			"title": "",
			"file_name": "dc100000003.png",
			"file_size": "693 KB",
			"upload_date": "2018/4/10",
			"free": true
		},
		{
			"id": "dc100000004",
			"title": "",
			"file_name": "dc100000004.png",
			"file_size": "693 KB",
			"upload_date": "2018/4/10",
			"free": true
		},
		{
			"id": "dc100000005",
			"title": "",
			"file_name": "dc100000005.png",
			"file_size": "693 KB",
			"upload_date": "2018/4/10",
			"free": true
		},
		{
			"id": "dc100000006",
			"title": "",
			"file_name": "dc100000006.png",
			"file_size": "693 KB",
			"upload_date": "2018/4/10",
			"free": true
		},
		{
			"id": "dc100000007",
			"title": "",
			"file_name": "dc100000007.png",
			"file_size": "693 KB",
			"upload_date": "2018/4/10",
			"free": true
		},
		{
			"id": "dc100000008",
			"title": "",
			"file_name": "dc100000008.png",
			"file_size": "693 KB",
			"upload_date": "2018/4/10",
			"free": true
		},
		{
			"id": "dc100000009",
			"title": "",
			"file_name": "dc100000009.png",
			"file_size": "693 KB",
			"upload_date": "2018/4/10",
			"free": true
		},
		{
			"id": "dc100000010",
			"title": "",
			"file_name": "dc100000010.png",
			"file_size": "693 KB",
			"upload_date": "2018/4/10",
			"free": true
		}
	]
}