{
	"background_img_list": [{
			"id": "dc100000026",
			"title": "",
			"file_name": "dc100000026.png",
			"file_size": "419 KB",
			"upload_date": "2018/7/13",
			"free": true
		},
		{
			"id": "dc100000027",
			"title": "",
			"file_name": "dc100000027.png",
			"file_size": "216 KB",
			"upload_date": "2018/7/13",
			"free": true
		},
		{
			"id": "dc100000028",
			"title": "",
			"file_name": "dc100000028.png",
			"file_size": "194 KB",
			"upload_date": "2018/7/13",
			"free": true
		},
		{
			"id": "dc100000029",
			"title": "",
			"file_name": "dc100000029.png",
			"file_size": "870 KB",
			"upload_date": "2018/7/13",
			"free": true
		},
		{
			"id": "dc100000030",
			"title": "",
			"file_name": "dc100000030.png",
			"file_size": "506 KB",
			"upload_date": "2018/7/13",
			"free": true
		}
	]
}