{
  "background_img_list": [
    {
      "id": "dc100000006",
      "title": "",
      "file_name": "dc100000006.png",
      "file_size": "167 KB",
      "upload_date": "2018/4/10",
      "free": true
    },
    {
      "id": "dc100000007",
      "title": "",
      "file_name": "dc100000007.png",
      "file_size": "434 KB",
      "upload_date": "2018/4/10",
      "free": true
    },
    {
      "id": "dc100000008",
      "title": "",
      "file_name": "dc100000008.png",
      "file_size": "280 KB",
      "upload_date": "2018/4/10",
      "free": true
    },
    {
      "id": "dc100000009",
      "title": "",
      "file_name": "dc100000009.png",
      "file_size": "395 KB",
      "upload_date": "2018/4/10",
      "free": true
    },
    {
      "id": "dc100000010",
      "title": "",
      "file_name": "dc100000010.png",
      "file_size": "372 KB",
      "upload_date": "2018/4/10",
      "free": true
    }
  ]
}