{
  "background_img_list": [
    {
      "id": "dc100000006",
      "title": "",
      "file_name": "dc100000006.png",
      "file_size": "189 KB",
      "upload_date": "2018/4/24",
      "free": false
    },
    {
      "id": "dc100000007",
      "title": "",
      "file_name": "dc100000007.png",
      "file_size": "261 KB",
      "upload_date": "2018/4/24",
      "free": false
    },
    {
      "id": "dc100000008",
      "title": "",
      "file_name": "dc100000008.png",
      "file_size": "171 KB",
      "upload_date": "2018/4/24",
      "free": false
    },
    {
      "id": "dc100000009",
      "title": "",
      "file_name": "dc100000009.png",
      "file_size": "153 KB",
      "upload_date": "2018/4/24",
      "free": false
    },
    {
      "id": "dc100000010",
      "title": "",
      "file_name": "dc100000010.png",
      "file_size": "176 KB",
      "upload_date": "2018/4/24",
      "free": false
    }
  ]
}