{
  "background_img_list": [
    {
      "id": "dc100000011",
      "title": "",
      "file_name": "dc100000011.png",
      "file_size": "1.2 MB ",
      "upload_date": "2018/4/10",
      "free": true
    },
    {
      "id": "dc100000012",
      "title": "",
      "file_name": "dc100000012.png",
      "file_size": "693 KB",
      "upload_date": "2018/4/10",
      "free": true
    },
    {
      "id": "dc100000013",
      "title": "",
      "file_name": "dc100000013.png",
      "file_size": "693 KB",
      "upload_date": "2018/4/10",
      "free": true
    },
    {
      "id": "dc100000014",
      "title": "",
      "file_name": "dc100000014.png",
      "file_size": "693 KB",
      "upload_date": "2018/4/10",
      "free": true
    },
    {
      "id": "dc100000015",
      "title": "",
      "file_name": "dc100000015.png",
      "file_size": "693 KB",
      "upload_date": "2018/4/10",
      "free": true
    },
    {
      "id": "dc100000016",
      "title": "",
      "file_name": "dc100000016.png",
      "file_size": "693 KB",
      "upload_date": "2018/4/10",
      "free": true
    },
    {
      "id": "dc100000017",
      "title": "",
      "file_name": "dc100000017.png",
      "file_size": "693 KB",
      "upload_date": "2018/4/10",
      "free": true
    },
    {
      "id": "dc100000018",
      "title": "",
      "file_name": "dc100000018.png",
      "file_size": "693 KB",
      "upload_date": "2018/4/10",
      "free": true
    },
    {
      "id": "dc100000019",
      "title": "",
      "file_name": "dc100000019.png",
      "file_size": "693 KB",
      "upload_date": "2018/4/10",
      "free": true
    },
    {
      "id": "dc100000020",
      "title": "",
      "file_name": "dc100000020.png",
      "file_size": "693 KB",
      "upload_date": "2018/4/10",
      "free": true
    }
  ]
}