{
  "background_img_list": [
    {
      "id": "dc100000016",
      "title": "",
      "file_name": "dc100000016.png",
      "file_size": "358 KB",
      "upload_date": "2018/4/10",
      "free": false
    },
    {
      "id": "dc100000017",
      "title": "",
      "file_name": "dc100000017.png",
      "file_size": "445 KB",
      "upload_date": "2018/4/10",
      "free": false
    },
    {
      "id": "dc100000018",
      "title": "",
      "file_name": "dc100000018.png",
      "file_size": "350 KB",
      "upload_date": "2018/4/10",
      "free": false
    },
    {
      "id": "dc100000019",
      "title": "",
      "file_name": "dc100000019.png",
      "file_size": "272 KB",
      "upload_date": "2018/4/10",
      "free": false
    },
    {
      "id": "dc100000020",
      "title": "",
      "file_name": "dc100000020.png",
      "file_size": "971 KB",
      "upload_date": "2018/4/10",
      "free": false
    }
  ]
}