{
  "background_img_list": [
    {
      "id": "dc100000016",
      "title": "",
      "file_name": "dc100000016.png",
      "file_size": "583 KB",
      "upload_date": "2018/4/10",
      "free": true
    },
    {
      "id": "dc100000017",
      "title": "",
      "file_name": "dc100000017.png",
      "file_size": "71 KB",
      "upload_date": "2018/4/10",
      "free": true
    },
    {
      "id": "dc100000018",
      "title": "",
      "file_name": "dc100000018.png",
      "file_size": "353 KB",
      "upload_date": "2018/4/10",
      "free": true
    },
    {
      "id": "dc100000019",
      "title": "",
      "file_name": "dc100000019.png",
      "file_size": "88 KB",
      "upload_date": "2018/4/10",
      "free": true
    },
    {
      "id": "dc100000020",
      "title": "",
      "file_name": "dc100000020.png",
      "file_size": "373 KB",
      "upload_date": "2018/4/10",
      "free": true
    }
  ]
}