{
  "background_img_list": [
    {
      "id": "dc100000021",
      "title": "",
      "file_name": "dc100000021.png",
      "file_size": "583 KB",
      "upload_date": "2018/4/10",
      "free": false
    },
    {
      "id": "dc100000022",
      "title": "",
      "file_name": "dc100000022.png",
      "file_size": "71 KB",
      "upload_date": "2018/4/10",
      "free": false
    },
    {
      "id": "dc100000023",
      "title": "",
      "file_name": "dc100000023.png",
      "file_size": "353 KB",
      "upload_date": "2018/4/10",
      "free": false
    },
    {
      "id": "dc100000024",
      "title": "",
      "file_name": "dc100000024.png",
      "file_size": "88 KB",
      "upload_date": "2018/4/10",
      "free": false
    },
    {
      "id": "dc100000025",
      "title": "",
      "file_name": "dc100000025.png",
      "file_size": "373 KB",
      "upload_date": "2018/4/10",
      "free": false
    }
  ]
}