{
	"background_img_list": [{
			"id": "dc100000031",
			"title": "",
			"file_name": "dc100000031.png",
			"file_size": "26 KB",
			"upload_date": "2018/7/13",
			"free": true
		},
		{
			"id": "dc100000032",
			"title": "",
			"file_name": "dc100000032.png",
			"file_size": "403 KB",
			"upload_date": "2018/7/13",
			"free": true
		},
		{
			"id": "dc100000033",
			"title": "",
			"file_name": "dc100000033.png",
			"file_size": "755 KB",
			"upload_date": "2018/7/13",
			"free": true
		},
		{
			"id": "dc100000034",
			"title": "",
			"file_name": "dc100000034.png",
			"file_size": "517 KB",
			"upload_date": "2018/7/13",
			"free": true
		},
		{
			"id": "dc100000035",
			"title": "",
			"file_name": "dc100000035.png",
			"file_size": "953 KB",
			"upload_date": "2018/7/13",
			"free": true
		}
	]
}